"quarter","assets.group","grossSR","netSR","grossCR","netCR","av.daily.ntrades","grossPnL","netPnL","stat"
"2021_Q1",1,2.10513110594186,1.49848687891483,9.16795578754997,5.57922561661105,13.5238095238095,29893.2200000005,21539.2700000006,17.1275407540446
"2021_Q3",1,0.0256198917117046,-0.715166741518468,0.0866483761998669,-1.91813019855325,12.7575757575758,288.610000000081,-8190.88999999989,-4.03387108262634
"2021_Q4",1,4.69200237189281,4.05988338169669,31.3759602465252,21.9812229322561,13.0909090909091,68387.7899999998,59770.1899999998,89.9143471892057
"2022_Q2",1,-0.67707940754415,-1.02033912837606,-1.09989624558787,-1.54353734212834,14.1846153846154,-17871.6600000003,-27118.6100000004,-5.09401312840473
"2022_Q4",1,-0.0109532574613305,-0.440652036521723,-0.0326020032358273,-1.14495855731661,12.8,-213.719999999525,-8682.87999999952,-2.47465992287222
"2023_Q1",1,3.7804357952461,3.30041943583274,13.3174167073593,11.3831239247235,10.2769230769231,56227.5099999997,49587.5099999997,44.4367446645343
"2023_Q2",1,0.822762336747498,0.290763346820135,2.33180479728372,0.787598158362135,10.6875,10620.4099999999,3787.20999999995,1.04878902077524
